review_score,freight_value
1,21.43027410602477
2,20.9718761017376
3,20.299684974093264
4,20.140160830805993
5,19.61985542800716
