review_score,product_photos_qty
1,2.0871017114234034
2,2.1687232435154873
3,2.2221761658031087
4,2.239545997610514
5,2.2183546256866014
