review_score,delivery_duration
1,19.129857894323624
2,15.288309636650869
3,13.56806420952582
4,11.767882739168632
5,10.179138673023933
